{"base_lr": 0.0002, "lr": 2.0000000000000002e-07, "data_time": 2.8805057048797607, "grad_norm": 0.0, "loss": 7.227991962432862, "loss_cls": 0.14791412353515626, "loss_bbox": 1.0522571146488189, "d0.loss_cls": 0.181158447265625, "d0.loss_bbox": 1.0757936418056488, "d1.loss_cls": 0.1286865234375, "d1.loss_bbox": 1.0437122881412506, "d2.loss_cls": 0.15369873046875, "d2.loss_bbox": 1.0479308485984802, "d3.loss_cls": 0.14259033203125, "d3.loss_bbox": 1.0519012570381165, "d4.loss_cls": 0.1498382568359375, "d4.loss_bbox": 1.0525104582309723, "loss_adapter_dummy": 0.0, "time": 7.211370801925659, "epoch": 1, "iter": 50, "memory": 4237, "step": 50}
