{"base_lr": 0.0002, "lr": 2e-05, "data_time": 0.7840207099914551, "grad_norm": NaN, "loss": 15.11623411178589, "loss_cls": 1.16630859375, "loss_bbox": 1.454151213169098, "d0.loss_cls": 0.936572265625, "d0.loss_bbox": 1.5130370140075684, "d1.loss_cls": 0.9990234375, "d1.loss_bbox": 1.467097544670105, "d2.loss_cls": 1.0275146484375, "d2.loss_bbox": 1.4689137935638428, "d3.loss_cls": 1.0879150390625, "d3.loss_bbox": 1.4374381303787231, "d4.loss_cls": 1.1080322265625, "d4.loss_bbox": 1.4502306580543518, "time": 2.6907723188400268, "epoch": 1, "iter": 10, "memory": 4742, "step": 10}
