{"base_lr": 0.0002, "lr": 2.0000000000000002e-07, "data_time": 0.07716515064239501, "grad_norm": 0.0, "loss": 7.6824463367462155, "loss_cls": 0.132666015625, "loss_bbox": 1.1352897465229035, "d0.loss_cls": 0.16976318359375, "d0.loss_bbox": 1.159894585609436, "d1.loss_cls": 0.1064453125, "d1.loss_bbox": 1.1489186584949493, "d2.loss_cls": 0.138958740234375, "d2.loss_bbox": 1.1497060120105744, "d3.loss_cls": 0.139202880859375, "d3.loss_bbox": 1.1362708449363708, "d4.loss_cls": 0.132635498046875, "d4.loss_bbox": 1.132694846391678, "loss_adapter_dummy": 0.0, "time": 1.9815690040588378, "epoch": 1, "iter": 50, "memory": 4237, "step": 50}
{"base_lr": 0.0002, "lr": 2.0000000000000002e-07, "data_time": 0.06572368144989013, "grad_norm": 0.0, "loss": 7.267339277267456, "loss_cls": 0.128558349609375, "loss_bbox": 1.0581970810890198, "d0.loss_cls": 0.212579345703125, "d0.loss_bbox": 1.095857208967209, "d1.loss_cls": 0.10659255981445312, "d1.loss_bbox": 1.0811490833759307, "d2.loss_cls": 0.12516632080078124, "d2.loss_bbox": 1.0762332439422608, "d3.loss_cls": 0.12186660766601562, "d3.loss_bbox": 1.0734333097934723, "d4.loss_cls": 0.12269210815429688, "d4.loss_bbox": 1.065014261007309, "loss_adapter_dummy": 0.0, "time": 1.9356619358062743, "epoch": 1, "iter": 100, "memory": 4237, "step": 100}
{"base_lr": 0.0002, "lr": 2.0000000000000002e-07, "data_time": 0.08834867477416992, "grad_norm": 0.0, "loss": 7.238205194473267, "loss_cls": 0.119781494140625, "loss_bbox": 1.0750698447227478, "d0.loss_cls": 0.164544677734375, "d0.loss_bbox": 1.1072228670120239, "d1.loss_cls": 0.0584228515625, "d1.loss_bbox": 1.0887276589870454, "d2.loss_cls": 0.1366180419921875, "d2.loss_bbox": 1.084757286310196, "d3.loss_cls": 0.1262664794921875, "d3.loss_bbox": 1.0773629546165466, "d4.loss_cls": 0.125799560546875, "d4.loss_bbox": 1.073631352186203, "loss_adapter_dummy": 0.0, "time": 2.108841824531555, "epoch": 1, "iter": 150, "memory": 4237, "step": 150}
{"base_lr": 0.0002, "lr": 2.0000000000000002e-07, "data_time": 0.07893893718719483, "grad_norm": 0.0, "loss": 7.3739865779876705, "loss_cls": 0.10126190185546875, "loss_bbox": 1.116273432970047, "d0.loss_cls": 0.13171043395996093, "d0.loss_bbox": 1.1406779348850251, "d1.loss_cls": 0.078253173828125, "d1.loss_bbox": 1.1285952150821685, "d2.loss_cls": 0.11319084167480468, "d2.loss_bbox": 1.1256696581840515, "d3.loss_cls": 0.09990348815917968, "d3.loss_bbox": 1.1208190321922302, "d4.loss_cls": 0.09908943176269532, "d4.loss_bbox": 1.1185421526432038, "loss_adapter_dummy": 0.0, "time": 2.056487560272217, "epoch": 1, "iter": 200, "memory": 4237, "step": 200}
{"base_lr": 0.0002, "lr": 2.0000000000000002e-07, "data_time": 0.08654694557189942, "grad_norm": 0.0, "loss": 7.495793771743775, "loss_cls": 0.1029937744140625, "loss_bbox": 1.1246714532375335, "d0.loss_cls": 0.164117431640625, "d0.loss_bbox": 1.1524134755134583, "d1.loss_cls": 0.104156494140625, "d1.loss_bbox": 1.1400607168674468, "d2.loss_cls": 0.1110809326171875, "d2.loss_bbox": 1.1327646374702454, "d3.loss_cls": 0.1067230224609375, "d3.loss_bbox": 1.1312601029872895, "d4.loss_cls": 0.1025482177734375, "d4.loss_bbox": 1.1230035245418548, "loss_adapter_dummy": 0.0, "time": 2.081868529319763, "epoch": 1, "iter": 250, "memory": 4237, "step": 250}
