{"base_lr": 0.0002, "lr": 0.0, "data_time": 0.09464397430419921, "grad_norm": NaN, "loss": 8.04190640449524, "loss_cls": 0.1330291748046875, "loss_bbox": 1.1835952639579772, "d0.loss_cls": 0.2138916015625, "d0.loss_bbox": 1.2049394786357879, "d1.loss_cls": 0.146875, "d1.loss_bbox": 1.1771569669246673, "d2.loss_cls": 0.153759765625, "d2.loss_bbox": 1.1861728727817535, "d3.loss_cls": 0.135345458984375, "d3.loss_bbox": 1.1904954493045807, "d4.loss_cls": 0.130792236328125, "d4.loss_bbox": 1.1858531713485718, "time": 3.3427997827529907, "epoch": 1, "iter": 50, "memory": 8528, "step": 50}
{"base_lr": 0.0002, "lr": 0.0, "data_time": 0.10324115753173828, "grad_norm": NaN, "loss": 7.846471643447876, "loss_cls": 0.14850921630859376, "loss_bbox": 1.1310399174690247, "d0.loss_cls": 0.20814208984375, "d0.loss_bbox": 1.1674883902072906, "d1.loss_cls": 0.146435546875, "d1.loss_bbox": 1.1509479463100434, "d2.loss_cls": 0.16649169921875, "d2.loss_bbox": 1.141485971212387, "d3.loss_cls": 0.156787109375, "d3.loss_bbox": 1.1403255760669708, "d4.loss_cls": 0.1514373779296875, "d4.loss_bbox": 1.1373805403709412, "time": 3.2569398164749144, "epoch": 1, "iter": 100, "memory": 8529, "step": 100}
{"base_lr": 0.0002, "lr": 0.0, "data_time": 0.10009219646453857, "grad_norm": NaN, "loss": 7.605199670791626, "loss_cls": 0.105975341796875, "loss_bbox": 1.1400701642036437, "d0.loss_cls": 0.150439453125, "d0.loss_bbox": 1.1673482000827788, "d1.loss_cls": 0.124395751953125, "d1.loss_bbox": 1.1534811496734618, "d2.loss_cls": 0.11441650390625, "d2.loss_bbox": 1.150295090675354, "d3.loss_cls": 0.1058380126953125, "d3.loss_bbox": 1.1459675908088685, "d4.loss_cls": 0.1055908203125, "d4.loss_bbox": 1.141381597518921, "time": 3.257510852813721, "epoch": 1, "iter": 150, "memory": 8528, "step": 150}
{"base_lr": 0.0002, "lr": 0.0, "data_time": 0.09706528186798095, "grad_norm": 0.5667795419692994, "loss": 7.998861455917359, "loss_cls": 0.13544445037841796, "loss_bbox": 1.185369497537613, "d0.loss_cls": 0.184930419921875, "d0.loss_bbox": 1.1804640650749207, "d1.loss_cls": 0.173846435546875, "d1.loss_bbox": 1.1698211133480072, "d2.loss_cls": 0.1532146453857422, "d2.loss_bbox": 1.1739453852176667, "d3.loss_cls": 0.1397369384765625, "d3.loss_bbox": 1.1824562489986419, "d4.loss_cls": 0.13332319259643555, "d4.loss_bbox": 1.1863089442253112, "time": 3.2501961469650267, "epoch": 1, "iter": 200, "memory": 8529, "step": 200}
{"base_lr": 0.0002, "lr": 0.0, "data_time": 0.09089772701263428, "grad_norm": NaN, "loss": 8.049950408935548, "loss_cls": 0.14208950996398925, "loss_bbox": 1.186842256784439, "d0.loss_cls": 0.203533935546875, "d0.loss_bbox": 1.2190951347351073, "d1.loss_cls": 0.115496826171875, "d1.loss_bbox": 1.1928131759166718, "d2.loss_cls": 0.14819879531860353, "d2.loss_bbox": 1.189115434885025, "d3.loss_cls": 0.13873882293701173, "d3.loss_bbox": 1.1908451616764069, "d4.loss_cls": 0.1385319709777832, "d4.loss_bbox": 1.1846494019031524, "time": 3.146639919281006, "epoch": 1, "iter": 250, "memory": 8529, "step": 250}
{"base_lr": 0.0002, "lr": 0.0, "data_time": 0.09294054508209229, "grad_norm": NaN, "loss": 7.646881198883056, "loss_cls": 0.1014495849609375, "loss_bbox": 1.1444095730781556, "d0.loss_cls": 0.164495849609375, "d0.loss_bbox": 1.1779851734638214, "d1.loss_cls": 0.110504150390625, "d1.loss_bbox": 1.161968171596527, "d2.loss_cls": 0.126300048828125, "d2.loss_bbox": 1.1543922007083893, "d3.loss_cls": 0.1123504638671875, "d3.loss_bbox": 1.1475412130355835, "d4.loss_cls": 0.0979949951171875, "d4.loss_bbox": 1.147489732503891, "time": 3.1452144145965577, "epoch": 1, "iter": 300, "memory": 8529, "step": 300}
{"base_lr": 0.0002, "lr": 0.0, "data_time": 0.09230532646179199, "grad_norm": NaN, "loss": 6.348173868609592, "loss_cls": 0.13480041025904937, "loss_bbox": 0.9259748697280884, "d0.loss_cls": 0.16373343466548249, "d0.loss_bbox": 0.9380944430828094, "d1.loss_cls": 0.10996519325999543, "d1.loss_bbox": 0.9114937961101532, "d2.loss_cls": 0.1244018196943216, "d2.loss_bbox": 0.9239224970340729, "d3.loss_cls": 0.13757789133815096, "d3.loss_bbox": 0.9251904487609863, "d4.loss_cls": 0.12782224415568635, "d4.loss_bbox": 0.9251968741416932, "time": 3.1592170715332033, "epoch": 1, "iter": 350, "memory": 8529, "step": 350}
{"base_lr": 0.0002, "lr": 0.0, "data_time": 0.09170897006988525, "grad_norm": NaN, "loss": 7.059811353683472, "loss_cls": 0.12987060546875, "loss_bbox": 1.0240950763225556, "d0.loss_cls": 0.199652099609375, "d0.loss_bbox": 1.0354748487472534, "d1.loss_cls": 0.15590362548828124, "d1.loss_bbox": 1.0316900730133056, "d2.loss_cls": 0.142669677734375, "d2.loss_bbox": 1.0231331825256347, "d3.loss_cls": 0.1337158203125, "d3.loss_bbox": 1.0256174445152282, "d4.loss_cls": 0.1342437744140625, "d4.loss_bbox": 1.0237451851367951, "time": 3.1694264650344848, "epoch": 1, "iter": 400, "memory": 8529, "step": 400}
{"base_lr": 0.0002, "lr": 0.0, "data_time": 0.08809926509857177, "grad_norm": 0.0, "loss": 7.3444421768188475, "loss_cls": 0.102197265625, "loss_bbox": 1.1047034859657288, "d0.loss_cls": 0.16378173828125, "d0.loss_bbox": 1.0972725391387939, "d1.loss_cls": 0.13482513427734374, "d1.loss_bbox": 1.1045333743095398, "d2.loss_cls": 0.106695556640625, "d2.loss_bbox": 1.108456939458847, "d3.loss_cls": 0.1045806884765625, "d3.loss_bbox": 1.105143004655838, "d4.loss_cls": 0.1062408447265625, "d4.loss_bbox": 1.1060116350650788, "time": 3.1682864904403685, "epoch": 1, "iter": 450, "memory": 8528, "step": 450}
{"base_lr": 0.0002, "lr": 0.0, "data_time": 0.09077293872833252, "grad_norm": NaN, "loss": 8.316937780380249, "loss_cls": 0.2262908935546875, "loss_bbox": 1.1149702072143555, "d0.loss_cls": 0.26446533203125, "d0.loss_bbox": 1.1738804578781128, "d1.loss_cls": 0.28028564453125, "d1.loss_bbox": 1.154836767911911, "d2.loss_cls": 0.25736083984375, "d2.loss_bbox": 1.1239191055297852, "d3.loss_cls": 0.2390960693359375, "d3.loss_bbox": 1.1227778613567352, "d4.loss_cls": 0.2388153076171875, "d4.loss_bbox": 1.1202394247055054, "time": 3.1608662605285645, "epoch": 1, "iter": 500, "memory": 8528, "step": 500}
{"base_lr": 0.0002, "lr": 0.0, "data_time": 0.08903787136077881, "grad_norm": NaN, "loss": 7.221548938751221, "loss_cls": 0.11082935333251953, "loss_bbox": 1.0706894934177398, "d0.loss_cls": 0.18902587890625, "d0.loss_bbox": 1.0776322484016418, "d1.loss_cls": 0.10087890625, "d1.loss_bbox": 1.0791301488876344, "d2.loss_cls": 0.12271232604980468, "d2.loss_bbox": 1.0847268223762512, "d3.loss_cls": 0.115972900390625, "d3.loss_bbox": 1.0820014476776123, "d4.loss_cls": 0.11154985427856445, "d4.loss_bbox": 1.0763995409011842, "time": 3.1838166236877443, "epoch": 1, "iter": 550, "memory": 8529, "step": 550}
{"base_lr": 0.0002, "lr": 0.0, "data_time": 0.08473894596099854, "grad_norm": NaN, "loss": 7.295643138885498, "loss_cls": 0.14219970703125, "loss_bbox": 1.0588864088058472, "d0.loss_cls": 0.179217529296875, "d0.loss_bbox": 1.0900124311447144, "d1.loss_cls": 0.134375, "d1.loss_bbox": 1.0690740048885345, "d2.loss_cls": 0.1439208984375, "d2.loss_bbox": 1.0643403112888337, "d3.loss_cls": 0.138427734375, "d3.loss_bbox": 1.0700050592422485, "d4.loss_cls": 0.140472412109375, "d4.loss_bbox": 1.064711570739746, "time": 3.1488410234451294, "epoch": 1, "iter": 600, "memory": 8526, "step": 600}
{"base_lr": 0.0002, "lr": 0.0, "data_time": 0.09493739604949951, "grad_norm": NaN, "loss": 6.997753238677978, "loss_cls": 0.0808135986328125, "loss_bbox": 1.0675415217876434, "d0.loss_cls": 0.129058837890625, "d0.loss_bbox": 1.097671002149582, "d1.loss_cls": 0.0955413818359375, "d1.loss_bbox": 1.0557157278060914, "d2.loss_cls": 0.0998077392578125, "d2.loss_bbox": 1.0664164245128631, "d3.loss_cls": 0.08647613525390625, "d3.loss_bbox": 1.0653730392456056, "d4.loss_cls": 0.08463897705078124, "d4.loss_bbox": 1.0686988532543182, "time": 3.156184220314026, "epoch": 1, "iter": 650, "memory": 8525, "step": 650}
{"base_lr": 0.0002, "lr": 0.0, "data_time": 0.08237550258636475, "grad_norm": NaN, "loss": 7.361231851577759,