{"data_time": 0.24802231788635254, "time": 1.4521172046661377}