{"data_time": 0.24019360542297363, "time": 1.4479808807373047}