{"data_time": 0.3659677505493164, "time": 2.435694694519043}