{"base_lr": 0.0002, "lr": 0.0002, "data_time": 0.08327107429504395, "grad_norm": 0.0, "loss": 7.850574636459351, "loss_cls": 0.13326416015625, "loss_bbox": 1.164431780576706, "d0.loss_cls": 0.199298095703125, "d0.loss_bbox": 1.1903046905994414, "d1.loss_cls": 0.099566650390625, "d1.loss_bbox": 1.1595585525035859, "d2.loss_cls": 0.1342498779296875, "d2.loss_bbox": 1.1703549325466156, "d3.loss_cls": 0.1412628173828125, "d3.loss_bbox": 1.162459796667099, "d4.loss_cls": 0.133172607421875, "d4.loss_bbox": 1.1626506090164184, "loss_adapter_dummy": 0.0, "time": 2.05425283908844, "epoch": 1, "iter": 50, "memory": 4237, "step": 50}
{"base_lr": 0.0002, "lr": 0.0002, "data_time": 0.07487819194793702, "grad_norm": 0.0, "loss": 7.312609577178955, "loss_cls": 0.0956146240234375, "loss_bbox": 1.0974524438381195, "d0.loss_cls": 0.17440185546875, "d0.loss_bbox": 1.1165439188480377, "d1.loss_cls": 0.088037109375, "d1.loss_bbox": 1.1023963928222655, "d2.loss_cls": 0.1299774169921875, "d2.loss_bbox": 1.0966832220554352, "d3.loss_cls": 0.121368408203125, "d3.loss_bbox": 1.0928144752979279, "d4.loss_cls": 0.1004119873046875, "d4.loss_bbox": 1.0969076693058013, "loss_adapter_dummy": 0.0, "time": 2.0392159461975097, "epoch": 1, "iter": 100, "memory": 4237, "step": 100}
{"base_lr": 0.0002, "lr": 0.0002, "data_time": 0.06828372478485108, "grad_norm": 0.0, "loss": 7.455827903747559, "loss_cls": 0.1297271728515625, "loss_bbox": 1.0920154929161072, "d0.loss_cls": 0.1755126953125, "d0.loss_bbox": 1.116081291437149, "d1.loss_cls": 0.14293212890625, "d1.loss_bbox": 1.0945029318332673, "d2.loss_cls": 0.1651763916015625, "d2.loss_bbox": 1.093404358625412, "d3.loss_cls": 0.126422119140625, "d3.loss_bbox": 1.0962296843528747, "d4.loss_cls": 0.129937744140625, "d4.loss_bbox": 1.0938857436180114, "loss_adapter_dummy": 0.0, "time": 1.9399988412857057, "epoch": 1, "iter": 150, "memory": 4237, "step": 150}
{"base_lr": 0.0002, "lr": 0.0002, "data_time": 0.0678943157196045, "grad_norm": 0.0, "loss": 7.329710960388184, "loss_cls": 0.1254119873046875, "loss_bbox": 1.074693638086319, "d0.loss_cls": 0.172125244140625, "d0.loss_bbox": 1.1224035799503327, "d1.loss_cls": 0.1173095703125, "d1.loss_bbox": 1.093148112297058, "d2.loss_cls": 0.135357666015625, "d2.loss_bbox": 1.0957577526569366, "d3.loss_cls": 0.11279296875, "d3.loss_bbox": 1.0778087675571442, "d4.loss_cls": 0.1296417236328125, "d4.loss_bbox": 1.0732599675655365, "loss_adapter_dummy": 0.0, "time": 1.946937918663025, "epoch": 1, "iter": 200, "memory": 4237, "step": 200}
{"base_lr": 0.0002, "lr": 0.0002, "data_time": 0.07450237274169921, "grad_norm": 0.0, "loss": 8.105415201187133, "loss_cls": 0.138623046875, "loss_bbox": 1.192180871963501, "d0.loss_cls": 0.21298828125, "d0.loss_bbox": 1.202562940120697, "d1.loss_cls": 0.14075927734375, "d1.loss_bbox": 1.1915257573127747, "d2.loss_cls": 0.163287353515625, "d2.loss_bbox": 1.1873856484889984, "d3.loss_cls": 0.15001220703125, "d3.loss_bbox": 1.1925558686256408, "d4.loss_cls": 0.140850830078125, "d4.loss_bbox": 1.1926831424236297, "loss_adapter_dummy": 0.0, "time": 1.9956242561340332, "epoch": 1, "iter": 250, "memory": 4237, "step": 250}
{"base_lr": 0.0002, "lr": 0.0002, "data_time": 0.07509090900421142, "grad_norm": 0.0, "loss": 7.535274982452393, "loss_cls": 0.1311056137084961, "loss_bbox": 1.1136775612831116, "d0.loss_cls": 0.203155517578125, "d0.loss_bbox": 1.1193563878536223, "d1.loss_cls": 0.11182098388671875, "d1.loss_bbox": 1.1087616741657258, "d2.loss_cls": 0.13861846923828125, "d2.loss_bbox": 1.1156110107898711, "d3.loss_cls": 0.13126773834228517, "d3.loss_bbox": 1.1167846262454986, "d4.loss_cls": 0.125677490234375, "d4.loss_bbox": 1.1194378793239594, "loss_adapter_dummy": 0.0, "time": 2.068844366073608, "epoch": 1, "iter": 300, "memory": 4237, "step": 300}
{"base_lr": 0.0002, "lr": 0.0002, "data_time": 0.09490365982055664, "grad_norm": 0.0, "loss": 7.427591228485108, "loss_cls": 0.09130172729492188, "loss_bbox": 1.1383354544639588, "d0.loss_cls": 0.1502685546875, "d0.loss_bbox": 1.1618636012077332, "d1.loss_cls": 0.0299713134765625, "d1.loss_bbox": 1.1426693022251129, "d2.loss_cls": 0.103778076171875, "d2.loss_bbox": 1.1397682011127472, "d3.loss_cls": 0.10033111572265625, "d3.loss_bbox": 1.138775247335434, "d4.loss_cls": 0.09221954345703125, "d4.loss_bbox": 1.1383092522621154, "loss_adapter_dummy": 0.0, "time": 2.1267550230026244, "epoch": 1, "iter": 350, "memory": 4237, "step": 350}
{"base_lr": 0.0002, "lr": 0.0002, "data_time": 0.08508353233337403, "grad_norm": 0.0, "loss": 8.055907392501831, "loss_cls": 0.131378173828125, "loss_bbox": 1.2009973406791687, "d0.loss_cls": 0.186572265625, "d0.loss_bbox": 1.2256965517997742, "d1.loss_cls": 0.102532958984375, "d1.loss_bbox": 1.20019474029541, "d2.loss_cls": 0.1430267333984375, "d2.loss_bbox": 1.2037920951843262, "d3.loss_cls": 0.1367095947265625, "d3.loss_bbox": 1.1978135108947754, "d4.loss_cls": 0.1270172119140625, "d4.loss_bbox": 1.2001761198043823, "loss_adapter_dummy": 0.0, "time": 3.022679591178894, "epoch": 1, "iter": 400, "memory": 4237, "step": 400}
{"base_lr": 0.0002, "lr": 0.0002, "data_time": 0.08076350688934326, "grad_norm": 0.0, "loss": 7.4637679100036625, "loss_cls": 0.1130340576171875, "loss_bbox": 1.1177007853984833, "d0.loss_cls": 0.1775390625, "d0.loss_bbox": 1.1324358463287354, "d1.loss_cls": 0.113055419921875, "d1.loss_bbox": 1.1186557412147522, "d2.loss_cls": 0.1254852294921875, "d2.loss_bbox": 1.1145968437194824, "d3.loss_cls": 0.1159637451171875, "d3.loss_bbox": 1.108034873008728, "d4.loss_cls": 0.1120697021484375, "d4.loss_bbox": 1.1151964485645294, "loss_adapter_dummy": 0.0, "time": 1.981393313407898, "epoch": 1, "iter": 450, "memory": 4237, "step": 450}
{"base_lr": 0.0002, "lr": 0.0002, "data_time": 0.07036054134368896, "grad_norm": 0.0, "loss": 8.048276329040528, "loss_cls": 0.11770334243774414, "loss_bbox": 1.210873305797577, "d0.loss_cls": 0.15016860961914064, "d0.loss_bbox": 1.2275877237319945, "d1.loss_cls": 0.12816791534423827, "d1.loss_bbox": 1.216487193107605, "d2.loss_cls": 0.12544641494750977, "d2.loss_bbox": 1.215370237827301, "d3.loss_cls": 0.12187824249267579, "d3.loss_bbox": 1.2096936225891113, "d4.loss_cls": 0.11663427352905273, "d4.loss_bbox": 1.2082653641700745, "loss_adapter_dummy": 0.0, "time": 1.9478338003158568, "epoch": 1, "iter": 500, "memory": 4237, "step": 500}
{"base_lr": 0.0002, "lr": 0.0002, "data_time": 0.07304511070251465, "grad_norm": 0.0, "loss": 8.26989197731018, "loss_cls": 0.12618865966796874, "loss_bbox": 1.244822919368744, "d0.loss_cls": 0.171063232421875, "d0.loss_bbox": 1.2347067296504974, "d1.loss_cls": 0.109417724609375, "d1.loss_bbox": 1.240049135684967, "d2.loss_cls": 0.14156341552734375, "d2.loss_bbox": 1.2489329040050507, "d3.loss_cls": 0.125762939453125, "d3.loss_bbox": 1.2535064458847045, "d4.loss_cls": 0.12432861328125, "d4.loss_bbox": 1.2495492041110992, "loss_adapter_dummy": 0.0, "time": 1.9515733957290649, "epoch": 1, "iter": 550, "memory": 4237, "step": 550}
{"base_lr": 0.0002, "lr": 0.0002, "data_time": 0.06872670650482178, "grad_norm": 0.0, "loss": 8.38677887916565, "loss_cls": 0.166748046875, "loss_bbox": 1.22101930975914, "d0.loss_cls": 0.210693359375, "d0.loss_bbox": 1.23594126701355, "d1.loss_cls": 0.171343994140625, "d1.loss_bbox": 1.221294993162155, "d2.loss_cls": 0.180517578125, "d2.loss_bbox": 1.2111346125602722, "d3.loss_cls": 0.1683258056640625, "d3.loss_bbox": 1.216303825378418, "d4.loss_cls": 0.1639129638671875, "d4.loss_bbox": 1.2195430457592011, "loss_adapter_dummy": 0.0, "time": 1.942029595375061, "epoch": 1, "iter": 600, "memory": 4237, "step": 600}
{"base_lr": 0.0002, "lr": 0.0002, "data_time": 0.06824796199798584, "grad_norm": 0.0, "loss": 7.942316675186158, "loss_cls": 0.1415008544921875, "loss_bbox": 1.163458263874054, "d0.loss_cls": 0.19677734375, "d0.loss_bbox": 1.1740591824054718, "d1.loss_cls": 0.166046142578125, "d1.loss_bbox": 1.1653540790081025, "d2.loss_cls": 0.1491790771484375, "d2.loss_bbox": 1.1747892796993256,