{"data_time": 0.23855257034301758, "time": 1.4562461376190186}