{"base_lr": 0.0002, "lr": 1e-05, "data_time": 0.0938795804977417, "grad_norm": NaN, "loss": 7.710749864578247, "loss_cls": 0.09267868995666503, "loss_bbox": 1.1762419939041138, "d0.loss_cls": 0.13721809387207032, "d0.loss_bbox": 1.1898202776908875, "d1.loss_cls": 0.09246883392333985, "d1.loss_bbox": 1.189190834760666, "d2.loss_cls": 0.10360393524169922, "d2.loss_bbox": 1.185570079088211, "d3.loss_cls": 0.08957295417785645, "d3.loss_bbox": 1.1812618851661683, "d4.loss_cls": 0.09207162857055665, "d4.loss_bbox": 1.1810505747795106, "time": 2.47952561378479, "epoch": 1, "iter": 50, "memory": 5822, "step": 50}
{"base_lr": 0.0002, "lr": 1e-05, "data_time": 0.112137770652771, "grad_norm": NaN, "loss": 7.798386478424073, "loss_cls": 0.1206787109375, "loss_bbox": 1.1678712785243988, "d0.loss_cls": 0.170111083984375, "d0.loss_bbox": 1.1631999790668488, "d1.loss_cls": 0.141241455078125, "d1.loss_bbox": 1.1572204113006592, "d2.loss_cls": 0.1286712646484375, "d2.loss_bbox": 1.1763379096984863, "d3.loss_cls": 0.1208984375, "d3.loss_bbox": 1.1711910128593446, "d4.loss_cls": 0.1103271484375, "d4.loss_bbox": 1.1706376910209655, "time": 2.4399391651153564, "epoch": 1, "iter": 100, "memory": 5822, "step": 100}
{"base_lr": 0.0002, "lr": 1e-05, "data_time": 0.11390249729156494, "grad_norm": NaN, "loss": 7.790135145187378, "loss_cls": 0.14858436584472656, "loss_bbox": 1.112586748600006, "d0.loss_cls": 0.20081787109375, "d0.loss_bbox": 1.1790341973304748, "d1.loss_cls": 0.14477920532226562, "d1.loss_bbox": 1.161308652162552, "d2.loss_cls": 0.1847820281982422, "d2.loss_bbox": 1.1142507195472717, "d3.loss_cls": 0.16398906707763672, "d3.loss_bbox": 1.1094287991523744, "d4.loss_cls": 0.14990901947021484, "d4.loss_bbox": 1.1206643462181092, "time": 2.4352837562561036, "epoch": 1, "iter": 150, "memory": 5824, "step": 150}
{"base_lr": 0.0002, "lr": 1e-05, "data_time": 0.11485803127288818, "grad_norm": NaN, "loss": 7.631945180892944, "loss_cls": 0.12257537841796876, "loss_bbox": 1.128376340866089, "d0.loss_cls": 0.16904296875, "d0.loss_bbox": 1.1628027498722076, "d1.loss_cls": 0.1206878662109375, "d1.loss_bbox": 1.1476307809352875, "d2.loss_cls": 0.1251678466796875, "d2.loss_bbox": 1.147873729467392, "d3.loss_cls": 0.11611328125, "d3.loss_bbox": 1.1377349257469178, "d4.loss_cls": 0.1165252685546875, "d4.loss_bbox": 1.1374139606952667, "time": 2.449933934211731, "epoch": 1, "iter": 200, "memory": 5824, "step": 200}
